"filename", "language", "Python", "HTML", "SCSS", "JavaScript", "XML", "CSS", "SQL", "comment", "blank", "total"
"c:\Users\xandee\Desktop\python\django\jfs\admin_page\__init__.py", "Python", 0, 0, 0, 0, 0, 0, 0, 0, 1, 1
"c:\Users\xandee\Desktop\python\django\jfs\admin_page\admin.py", "Python", 5, 0, 0, 0, 0, 0, 0, 1, 2, 8
"c:\Users\xandee\Desktop\python\django\jfs\admin_page\apps.py", "Python", 4, 0, 0, 0, 0, 0, 0, 0, 3, 7
"c:\Users\xandee\Desktop\python\django\jfs\admin_page\migrations\0001_initial.py", "Python", 36, 0, 0, 0, 0, 0, 0, 1, 7, 44
"c:\Users\xandee\Desktop\python\django\jfs\admin_page\migrations\__init__.py", "Python", 0, 0, 0, 0, 0, 0, 0, 0, 1, 1
"c:\Users\xandee\Desktop\python\django\jfs\admin_page\models.py", "Python", 26, 0, 0, 0, 0, 0, 0, 1, 6, 33
"c:\Users\xandee\Desktop\python\django\jfs\admin_page\static\blog.js", "JavaScript", 0, 0, 0, 14, 0, 0, 0, 0, 2, 16
"c:\Users\xandee\Desktop\python\django\jfs\admin_page\static\staff.js", "JavaScript", 0, 0, 0, 23, 0, 0, 0, 0, 2, 25
"c:\Users\xandee\Desktop\python\django\jfs\admin_page\static\students.js", "JavaScript", 0, 0, 0, 21, 0, 0, 0, 0, 2, 23
"c:\Users\xandee\Desktop\python\django\jfs\admin_page\templates\admin-page\classes.html", "HTML", 0, 206, 0, 0, 0, 0, 0, 6, 5, 217
"c:\Users\xandee\Desktop\python\django\jfs\admin_page\templates\admin-page\contact-list.html", "HTML", 0, 229, 0, 0, 0, 0, 0, 10, 6, 245
"c:\Users\xandee\Desktop\python\django\jfs\admin_page\templates\admin-page\dashboard.html", "HTML", 0, 455, 0, 0, 0, 0, 0, 0, 0, 455
"c:\Users\xandee\Desktop\python\django\jfs\admin_page\templates\admin-page\edit-blogs.html", "HTML", 0, 179, 0, 0, 0, 0, 0, 7, 7, 193
"c:\Users\xandee\Desktop\python\django\jfs\admin_page\templates\admin-page\edit-fees.html", "HTML", 0, 113, 0, 0, 0, 0, 0, 3, 2, 118
"c:\Users\xandee\Desktop\python\django\jfs\admin_page\templates\admin-page\messages.html", "HTML", 0, 66, 0, 0, 0, 0, 0, 0, 1, 67
"c:\Users\xandee\Desktop\python\django\jfs\admin_page\templates\admin-page\pending-photos.html", "HTML", 0, 75, 0, 0, 0, 0, 0, 0, 1, 76
"c:\Users\xandee\Desktop\python\django\jfs\admin_page\templates\admin-page\randoms.html", "HTML", 0, 104, 0, 0, 0, 0, 0, 4, 3, 111
"c:\Users\xandee\Desktop\python\django\jfs\admin_page\templates\admin-page\staff.html", "HTML", 0, 325, 0, 0, 0, 0, 0, 10, 7, 342
"c:\Users\xandee\Desktop\python\django\jfs\admin_page\templates\admin-page\students.html", "HTML", 0, 295, 0, 0, 0, 0, 0, 6, 6, 307
"c:\Users\xandee\Desktop\python\django\jfs\admin_page\templates\admin-page\website.html", "HTML", 0, 72, 0, 0, 0, 0, 0, 0, 1, 73
"c:\Users\xandee\Desktop\python\django\jfs\admin_page\templates\empty.html", "HTML", 0, 9, 0, 0, 0, 0, 0, 0, 0, 9
"c:\Users\xandee\Desktop\python\django\jfs\admin_page\tests.py", "Python", 1, 0, 0, 0, 0, 0, 0, 1, 2, 4
"c:\Users\xandee\Desktop\python\django\jfs\admin_page\urls.py", "Python", 30, 0, 0, 0, 0, 0, 0, 1, 11, 42
"c:\Users\xandee\Desktop\python\django\jfs\admin_page\views.py", "Python", 332, 0, 0, 0, 0, 0, 0, 1, 35, 368
"c:\Users\xandee\Desktop\python\django\jfs\base\__init__.py", "Python", 0, 0, 0, 0, 0, 0, 0, 0, 1, 1
"c:\Users\xandee\Desktop\python\django\jfs\base\admin.py", "Python", 1, 0, 0, 0, 0, 0, 0, 1, 2, 4
"c:\Users\xandee\Desktop\python\django\jfs\base\apps.py", "Python", 4, 0, 0, 0, 0, 0, 0, 0, 3, 7
"c:\Users\xandee\Desktop\python\django\jfs\base\migrations\__init__.py", "Python", 0, 0, 0, 0, 0, 0, 0, 0, 1, 1
"c:\Users\xandee\Desktop\python\django\jfs\base\models.py", "Python", 1, 0, 0, 0, 0, 0, 0, 1, 2, 4
"c:\Users\xandee\Desktop\python\django\jfs\base\static\css\animate.css", "CSS", 0, 0, 0, 0, 0, 2825, 0, 30, 522, 3377
"c:\Users\xandee\Desktop\python\django\jfs\base\static\css\aos.css", "CSS", 0, 0, 0, 0, 0, 1, 0, 1, 0, 2
"c:\Users\xandee\Desktop\python\django\jfs\base\static\css\bootstrap.min.css", "CSS", 0, 0, 0, 0, 0, 1, 0, 6, 0, 7
"c:\Users\xandee\Desktop\python\django\jfs\base\static\css\bootstrap\bootstrap-grid.css", "CSS", 0, 0, 0, 0, 0, 1599, 0, 6, 104, 1709
"c:\Users\xandee\Desktop\python\django\jfs\base\static\css\bootstrap\bootstrap-reboot.css", "CSS", 0, 0, 0, 0, 0, 212, 0, 7, 54, 273
"c:\Users\xandee\Desktop\python\django\jfs\base\static\css\css\bootstrap-reboot.css", "CSS", 0, 0, 0, 0, 0, 212, 0, 7, 54, 273
"c:\Users\xandee\Desktop\python\django\jfs\base\static\css\css\mixins\_text-hide.css", "CSS", 0, 0, 0, 0, 0, 0, 0, 0, 1, 1
"c:\Users\xandee\Desktop\python\django\jfs\base\static\css\flaticon.css", "CSS", 0, 0, 0, 0, 0, 35, 0, 5, 6, 46
"c:\Users\xandee\Desktop\python\django\jfs\base\static\css\icomoon.css", "CSS", 0, 0, 0, 0, 0, 4914, 0, 2, 4, 4920
"c:\Users\xandee\Desktop\python\django\jfs\base\static\css\ionicons.min.css", "CSS", 0, 0, 0, 0, 0, 1, 0, 10, 0, 11
"c:\Users\xandee\Desktop\python\django\jfs\base\static\css\magnific-popup.css", "CSS", 0, 0, 0, 0, 0, 310, 0, 6, 35, 351
"c:\Users\xandee\Desktop\python\django\jfs\base\static\css\open-iconic-bootstrap.min.css", "CSS", 0, 0, 0, 0, 0, 1, 0, 0, 0, 1
"c:\Users\xandee\Desktop\python\django\jfs\base\static\css\owl.carousel.min.css", "CSS", 0, 0, 0, 0, 0, 1, 0, 5, 0, 6
"c:\Users\xandee\Desktop\python\django\jfs\base\static\css\owl.theme.default.min.css", "CSS", 0, 0, 0, 0, 0, 10, 0, 5, 0, 15
"c:\Users\xandee\Desktop\python\django\jfs\base\static\css\style.css", "CSS", 0, 0, 0, 0, 0, 11723, 0, 19, 901, 12643
"c:\Users\xandee\Desktop\python\django\jfs\base\static\fonts\flaticon\font\Flaticon.svg", "XML", 0, 0, 0, 0, 189, 0, 0, 3, 2, 194
"c:\Users\xandee\Desktop\python\django\jfs\base\static\fonts\flaticon\font\_flaticon.scss", "SCSS", 0, 0, 47, 0, 0, 0, 0, 4, 5, 56
"c:\Users\xandee\Desktop\python\django\jfs\base\static\fonts\flaticon\font\flaticon.css", "CSS", 0, 0, 0, 0, 0, 32, 0, 4, 4, 40
"c:\Users\xandee\Desktop\python\django\jfs\base\static\fonts\flaticon\font\flaticon.html", "HTML", 0, 449, 0, 0, 0, 0, 0, 4, 42, 495
"c:\Users\xandee\Desktop\python\django\jfs\base\static\fonts\icomoon\icomoon.svg", "XML", 0, 0, 0, 0, 1530, 0, 0, 0, 0, 1530
"c:\Users\xandee\Desktop\python\django\jfs\base\static\fonts\ionicons\css\_ionicons.scss", "SCSS", 0, 0, 736, 0, 0, 0, 0, 11, 734, 1481
"c:\Users\xandee\Desktop\python\django\jfs\base\static\fonts\ionicons\css\ionicons.min.css", "CSS", 0, 0, 0, 0, 0, 2, 0, 9, 1, 12
"c:\Users\xandee\Desktop\python\django\jfs\base\static\fonts\ionicons\fonts\ionicons.svg", "XML", 0, 0, 0, 0, 2091, 0, 0, 3, 1, 2095
"c:\Users\xandee\Desktop\python\django\jfs\base\static\fonts\open-iconic\open-iconic.svg", "XML", 0, 0, 0, 0, 540, 0, 0, 3, 1, 544
"c:\Users\xandee\Desktop\python\django\jfs\base\static\index.js", "JavaScript", 0, 0, 0, 0, 0, 0, 0, 0, 1, 1
"c:\Users\xandee\Desktop\python\django\jfs\base\static\js\aos.js", "JavaScript", 0, 0, 0, 1, 0, 0, 0, 1, 0, 2
"c:\Users\xandee\Desktop\python\django\jfs\base\static\js\bootstrap.min.js", "JavaScript", 0, 0, 0, 1, 0, 0, 0, 6, 0, 7
"c:\Users\xandee\Desktop\python\django\jfs\base\static\js\google-map.js", "JavaScript", 0, 0, 0, 184, 0, 0, 0, 11, 13, 208
"c:\Users\xandee\Desktop\python\django\jfs\base\static\js\jquery-3.2.1.min.js", "JavaScript", 0, 0, 0, 3, 0, 0, 0, 1, 0, 4
"c:\Users\xandee\Desktop\python\django\jfs\base\static\js\jquery-migrate-3.0.1.min.js", "JavaScript", 0, 0, 0, 213, 0, 0, 0, 1, 1, 215
"c:\Users\xandee\Desktop\python\django\jfs\base\static\js\jquery.animateNumber.min.js", "JavaScript", 0, 0, 0, 3, 0, 0, 0, 5, 1, 9
"c:\Users\xandee\Desktop\python\django\jfs\base\static\js\jquery.easing.1.3.js", "JavaScript", 0, 0, 0, 132, 0, 0, 0, 70, 3, 205
"c:\Users\xandee\Desktop\python\django\jfs\base\static\js\jquery.magnific-popup.min.js", "JavaScript", 0, 0, 0, 1, 0, 0, 0, 3, 0, 4
"c:\Users\xandee\Desktop\python\django\jfs\base\static\js\jquery.min.js", "JavaScript", 0, 0, 0, 6624, 0, 0, 0, 1697, 1932, 10253
"c:\Users\xandee\Desktop\python\django\jfs\base\static\js\jquery.stellar.min.js", "JavaScript", 0, 0, 0, 1, 0, 0, 0, 1, 0, 2
"c:\Users\xandee\Desktop\python\django\jfs\base\static\js\jquery.waypoints.min.js", "JavaScript", 0, 0, 0, 1, 0, 0, 0, 6, 0, 7
"c:\Users\xandee\Desktop\python\django\jfs\base\static\js\main.js", "JavaScript", 0, 0, 0, 205, 0, 0, 0, 11, 46, 262
"c:\Users\xandee\Desktop\python\django\jfs\base\static\js\owl.carousel.min.js", "JavaScript", 0, 0, 0, 2, 0, 0, 0, 5, 0, 7
"c:\Users\xandee\Desktop\python\django\jfs\base\static\js\popper.min.js", "JavaScript", 0, 0, 0, 1, 0, 0, 0, 4, 0, 5
"c:\Users\xandee\Desktop\python\django\jfs\base\static\js\scrollax.min.js", "JavaScript", 0, 0, 0, 14, 0, 0, 0, 18, 0, 32
"c:\Users\xandee\Desktop\python\django\jfs\base\static\scss\bootstrap\_alert.scss", "SCSS", 0, 0, 28, 0, 0, 0, 0, 13, 11, 52
"c:\Users\xandee\Desktop\python\django\jfs\base\static\scss\bootstrap\_badge.scss", "SCSS", 0, 0, 33, 0, 0, 0, 0, 12, 9, 54
"c:\Users\xandee\Desktop\python\django\jfs\base\static\scss\bootstrap\_breadcrumb.scss", "SCSS", 0, 0, 29, 0, 0, 0, 0, 8, 5, 42
"c:\Users\xandee\Desktop\python\django\jfs\base\static\scss\bootstrap\_button-group.scss", "SCSS", 0, 0, 101, 0, 0, 0, 0, 31, 32, 164
"c:\Users\xandee\Desktop\python\django\jfs\base\static\scss\bootstrap\_buttons.scss", "SCSS", 0, 0, 88, 0, 0, 0, 0, 23, 30, 141
"c:\Users\xandee\Desktop\python\django\jfs\base\static\scss\bootstrap\_card.scss", "SCSS", 0, 0, 223, 0, 0, 0, 0, 30, 58, 311
"c:\Users\xandee\Desktop\python\django\jfs\base\static\scss\bootstrap\_carousel.scss", "SCSS", 0, 0, 143, 0, 0, 0, 0, 30, 26, 199
"c:\Users\xandee\Desktop\python\django\jfs\base\static\scss\bootstrap\_close.scss", "SCSS", 0, 0, 28, 0, 0, 0, 0, 9, 8, 45
"c:\Users\xandee\Desktop\python\django\jfs\base\static\scss\bootstrap\_code.scss", "SCSS", 0, 0, 36, 0, 0, 0, 0, 6, 7, 49
"c:\Users\xandee\Desktop\python\django\jfs\base\static\scss\bootstrap\_custom-forms.scss", "SCSS", 0, 0, 391, 0, 0, 0, 0, 42, 75, 508
"c:\Users\xandee\Desktop\python\django\jfs\base\static\scss\bootstrap\_dropdown.scss", "SCSS", 0, 0, 154, 0, 0, 0, 0, 14, 24, 192
"c:\Users\xandee\Desktop\python\django\jfs\base\static\scss\bootstrap\_forms.scss", "SCSS", 0, 0, 207, 0, 0, 0, 0, 74, 54, 335
"c:\Users\xandee\Desktop\python\django\jfs\base\static\scss\bootstrap\_functions.scss", "SCSS", 0, 0, 54, 0, 0, 0, 0, 19, 14, 87
"c:\Users\xandee\Desktop\python\django\jfs\base\static\scss\bootstrap\_grid.scss", "SCSS", 0, 0, 28, 0, 0, 0, 0, 15, 10, 53
"c:\Users\xandee\Desktop\python\django\jfs\base\static\scss\bootstrap\_images.scss", "SCSS", 0, 0, 22, 0, 0, 0, 0, 13, 8, 43
"c:\Users\xandee\Desktop\python\django\jfs\base\static\scss\bootstrap\_input-group.scss", "SCSS", 0, 0, 129, 0, 0, 0, 0, 32, 33, 194
"c:\Users\xandee\Desktop\python\django\jfs\base\static\scss\bootstrap\_jumbotron.scss", "SCSS", 0, 0, 14, 0, 0, 0, 0, 0, 3, 17
"c:\Users\xandee\Desktop\python\django\jfs\base\static\scss\bootstrap\_list-group.scss", "SCSS", 0, 0, 75, 0, 0, 0, 0, 22, 25, 122
"c:\Users\xandee\Desktop\python\django\jfs\base\static\scss\bootstrap\_media.scss", "SCSS", 0, 0, 7, 0, 0, 0, 0, 0, 2, 9
"c:\Users\xandee\Desktop\python\django\jfs\base\static\scss\bootstrap\_mixins.scss", "SCSS", 0, 0, 30, 0, 0, 0, 0, 7, 5, 42
"c:\Users\xandee\Desktop\python\django\jfs\base\static\scss\bootstrap\_modal.scss", "SCSS", 0, 0, 128, 0, 0, 0, 0, 33, 26, 187
"c:\Users\xandee\Desktop\python\django\jfs\base\static\scss\bootstrap\_nav.scss", "SCSS", 0, 0, 78, 0, 0, 0, 0, 19, 24, 121
"c:\Users\xandee\Desktop\python\django\jfs\base\static\scss\bootstrap\_navbar.scss", "SCSS", 0, 0, 197, 0, 0, 0, 0, 47, 56, 300
"c:\Users\xandee\Desktop\python\django\jfs\base\static\scss\bootstrap\_pagination.scss", "SCSS", 0, 0, 62, 0, 0, 0, 0, 5, 12, 79
"c:\Users\xandee\Desktop\python\django\jfs\base\static\scss\bootstrap\_popover.scss", "SCSS", 0, 0, 150, 0, 0, 0, 0, 5, 29, 184
"c:\Users\xandee\Desktop\python\django\jfs\base\static\scss\bootstrap\_print.scss", "SCSS", 0, 0, 84, 0, 0, 0, 0, 33, 25, 142
"c:\Users\xandee\Desktop\python\django\jfs\base\static\scss\bootstrap\_progress.scss", "SCSS", 0, 0, 30, 0, 0, 0, 0, 0, 5, 35
"c:\Users\xandee\Desktop\python\django\jfs\base\static\scss\bootstrap\_reboot.scss", "SCSS", 0, 0, 252, 0, 0, 0, 0, 129, 82, 463
"c:\Users\xandee\Desktop\python\django\jfs\base\static\scss\bootstrap\_root.scss", "SCSS", 0, 0, 13, 0, 0, 0, 0, 3, 4, 20
"c:\Users\xandee\Desktop\python\django\jfs\base\static\scss\bootstrap\_spinners.scss", "SCSS", 0, 0, 40, 0, 0, 0, 0, 6, 8, 54
"c:\Users\xandee\Desktop\python\django\jfs\base\static\scss\bootstrap\_tables.scss", "SCSS", 0, 0, 122, 0, 0, 0, 0, 28, 38, 188
"c:\Users\xandee\Desktop\python\django\jfs\base\static\scss\bootstrap\_toasts.scss", "SCSS", 0, 0, 37, 0, 0, 0, 0, 0, 7, 44
"c:\Users\xandee\Desktop\python\django\jfs\base\static\scss\bootstrap\_tooltip.scss", "SCSS", 0, 0, 93, 0, 0, 0, 0, 5, 18, 116
"c:\Users\xandee\Desktop\python\django\jfs\base\static\scss\bootstrap\_transitions.scss", "SCSS", 0, 0, 17, 0, 0, 0, 0, 1, 5, 23
"c:\Users\xandee\Desktop\python\django\jfs\base\static\scss\bootstrap\_type.scss", "SCSS", 0, 0, 82, 0, 0, 0, 0, 20, 24, 126
"c:\Users\xandee\Desktop\python\django\jfs\base\static\scss\bootstrap\_utilities.scss", "SCSS", 0, 0, 16, 0, 0, 0, 0, 0, 1, 17
"c:\Users\xandee\Desktop\python\django\jfs\base\static\scss\bootstrap\_variables.scss", "SCSS", 0, 0, 724, 0, 0, 0, 0, 101, 267, 1092
"c:\Users\xandee\Desktop\python\django\jfs\base\static\scss\bootstrap\bootstrap-grid.scss", "SCSS", 0, 0, 18, 0, 0, 0, 0, 6, 6, 30
"c:\Users\xandee\Desktop\python\django\jfs\base\static\scss\bootstrap\bootstrap-reboot.scss", "SCSS", 0, 0, 4, 0, 0, 0, 0, 7, 2, 13
"c:\Users\xandee\Desktop\python\django\jfs\base\static\scss\bootstrap\bootstrap.scss", "SCSS", 0, 0, 37, 0, 0, 0, 0, 6, 2, 45
"c:\Users\xandee\Desktop\python\django\jfs\base\static\scss\bootstrap\mixins\_alert.scss", "SCSS", 0, 0, 11, 0, 0, 0, 0, 0, 3, 14
"c:\Users\xandee\Desktop\python\django\jfs\base\static\scss\bootstrap\mixins\_background-variant.scss", "SCSS", 0, 0, 16, 0, 0, 0, 0, 2, 4, 22
"c:\Users\xandee\Desktop\python\django\jfs\base\static\scss\bootstrap\mixins\_badge.scss", "SCSS", 0, 0, 10, 0, 0, 0, 0, 0, 2, 12
"c:\Users\xandee\Desktop\python\django\jfs\base\static\scss\bootstrap\mixins\_border-radius.scss", "SCSS", 0, 0, 29, 0, 0, 0, 0, 1, 6, 36
"c:\Users\xandee\Desktop\python\django\jfs\base\static\scss\bootstrap\mixins\_box-shadow.scss", "SCSS", 0, 0, 5, 0, 0, 0, 0, 0, 1, 6
"c:\Users\xandee\Desktop\python\django\jfs\base\static\scss\bootstrap\mixins\_breakpoints.scss", "SCSS", 0, 0, 69, 0, 0, 0, 0, 44, 11, 124
"c:\Users\xandee\Desktop\python\django\jfs\base\static\scss\bootstrap\mixins\_buttons.scss", "SCSS", 0, 0, 87, 0, 0, 0, 0, 11, 14, 112
"c:\Users\xandee\Desktop\python\django\jfs\base\static\scss\bootstrap\mixins\_caret.scss", "SCSS", 0, 0, 55, 0, 0, 0, 0, 0, 8, 63
"c:\Users\xandee\Desktop\python\django\jfs\base\static\scss\bootstrap\mixins\_clearfix.scss", "SCSS", 0, 0, 7, 0, 0, 0, 0, 0, 1, 8
"c:\Users\xandee\Desktop\python\django\jfs\base\static\scss\bootstrap\mixins\_float.scss", "SCSS", 0, 0, 9, 0, 0, 0, 0, 1, 2, 12
"c:\Users\xandee\Desktop\python\django\jfs\base\static\scss\bootstrap\mixins\_forms.scss", "SCSS", 0, 0, 157, 0, 0, 0, 0, 15, 27, 199
"c:\Users\xandee\Desktop\python\django\jfs\base\static\scss\bootstrap\mixins\_gradients.scss", "SCSS", 0, 0, 34, 0, 0, 0, 0, 7, 5, 46
"c:\Users\xandee\Desktop\python\django\jfs\base\static\scss\bootstrap\mixins\_grid-framework.scss", "SCSS", 0, 0, 49, 0, 0, 0, 0, 8, 10, 67
"c:\Users\xandee\Desktop\python\django\jfs\base\static\scss\bootstrap\mixins\_grid.scss", "SCSS", 0, 0, 34, 0, 0, 0, 0, 10, 8, 52
"c:\Users\xandee\Desktop\python\django\jfs\base\static\scss\bootstrap\mixins\_hover.scss", "SCSS", 0, 0, 23, 0, 0, 0, 0, 10, 5, 38
"c:\Users\xandee\Desktop\python\django\jfs\base\static\scss\bootstrap\mixins\_image.scss", "SCSS", 0, 0, 12, 0, 0, 0, 0, 17, 8, 37
"c:\Users\xandee\Desktop\python\django\jfs\base\static\scss\bootstrap\mixins\_list-group.scss", "SCSS", 0, 0, 17, 0, 0, 0, 0, 1, 4, 22
"c:\Users\xandee\Desktop\python\django\jfs\base\static\scss\bootstrap\mixins\_lists.scss", "SCSS", 0, 0, 4, 0, 0, 0, 0, 2, 2, 8
"c:\Users\xandee\Desktop\python\django\jfs\base\static\scss\bootstrap\mixins\_nav-divider.scss", "SCSS", 0, 0, 6, 0, 0, 0, 0, 3, 2, 11
"c:\Users\xandee\Desktop\python\django\jfs\base\static\scss\bootstrap\mixins\_pagination.scss", "SCSS", 0, 0, 19, 0, 0, 0, 0, 1, 3, 23
"c:\Users\xandee\Desktop\python\django\jfs\base\static\scss\bootstrap\mixins\_reset-text.scss", "SCSS", 0, 0, 16, 0, 0, 0, 0, 1, 1, 18
"c:\Users\xandee\Desktop\python\django\jfs\base\static\scss\bootstrap\mixins\_resize.scss", "SCSS", 0, 0, 4, 0, 0, 0, 0, 1, 2, 7
"c:\Users\xandee\Desktop\python\django\jfs\base\static\scss\bootstrap\mixins\_screen-reader.scss", "SCSS", 0, 0, 21, 0, 0, 0, 0, 9, 4, 34
"c:\Users\xandee\Desktop\python\django\jfs\base\static\scss\bootstrap\mixins\_size.scss", "SCSS", 0, 0, 4, 0, 0, 0, 0, 1, 2, 7
"c:\Users\xandee\Desktop\python\django\jfs\base\static\scss\bootstrap\mixins\_table-row.scss", "SCSS", 0, 0, 29, 0, 0, 0, 0, 5, 6, 40
"c:\Users\xandee\Desktop\python\django\jfs\base\static\scss\bootstrap\mixins\_text-emphasis.scss", "SCSS", 0, 0, 10, 0, 0, 0, 0, 2, 3, 15
"c:\Users\xandee\Desktop\python\django\jfs\base\static\scss\bootstrap\mixins\_text-hide.scss", "SCSS", 0, 0, 10, 0, 0, 0, 0, 2, 2, 14
"c:\Users\xandee\Desktop\python\django\jfs\base\static\scss\bootstrap\mixins\_text-truncate.scss", "SCSS", 0, 0, 5, 0, 0, 0, 0, 2, 2, 9
"c:\Users\xandee\Desktop\python\django\jfs\base\static\scss\bootstrap\mixins\_transition.scss", "SCSS", 0, 0, 14, 0, 0, 0, 0, 1, 2, 17
"c:\Users\xandee\Desktop\python\django\jfs\base\static\scss\bootstrap\mixins\_visibility.scss", "SCSS", 0, 0, 3, 0, 0, 0, 0, 2, 3, 8
"c:\Users\xandee\Desktop\python\django\jfs\base\static\scss\bootstrap\utilities\_align.scss", "SCSS", 0, 0, 6, 0, 0, 0, 0, 1, 2, 9
"c:\Users\xandee\Desktop\python\django\jfs\base\static\scss\bootstrap\utilities\_background.scss", "SCSS", 0, 0, 14, 0, 0, 0, 0, 1, 5, 20
"c:\Users\xandee\Desktop\python\django\jfs\base\static\scss\bootstrap\utilities\_borders.scss", "SCSS", 0, 0, 46, 0, 0, 0, 0, 7, 11, 64
"c:\Users\xandee\Desktop\python\django\jfs\base\static\scss\bootstrap\utilities\_clearfix.scss", "SCSS", 0, 0, 3, 0, 0, 0, 0, 0, 1, 4
"c:\Users\xandee\Desktop\python\django\jfs\base\static\scss\bootstrap\utilities\_display.scss", "SCSS", 0, 0, 25, 0, 0, 0, 0, 7, 7, 39
"c:\Users\xandee\Desktop\python\django\jfs\base\static\scss\bootstrap\utilities\_embed.scss", "SCSS", 0, 0, 33, 0, 0, 0, 0, 1, 6, 40
"c:\Users\xandee\Desktop\python\django\jfs\base\static\scss\bootstrap\utilities\_flex.scss", "SCSS", 0, 0, 39, 0, 0, 0, 0, 4, 9, 52
"c:\Users\xandee\Desktop\python\django\jfs\base\static\scss\bootstrap\utilities\_float.scss", "SCSS", 0, 0, 8, 0, 0, 0, 0, 0, 2, 10
"c:\Users\xandee\Desktop\python\django\jfs\base\static\scss\bootstrap\utilities\_overflow.scss", "SCSS", 0, 0, 3, 0, 0, 0, 0, 1, 2, 6
"c:\Users\xandee\Desktop\python\django\jfs\base\static\scss\bootstrap\utilities\_position.scss", "SCSS", 0, 0, 24, 0, 0, 0, 0, 3, 6, 33
"c:\Users\xandee\Desktop\python\django\jfs\base\static\scss\bootstrap\utilities\_screenreaders.scss", "SCSS", 0, 0, 6, 0, 0, 0, 0, 3, 3, 12
"c:\Users\xandee\Desktop\python\django\jfs\base\static\scss\bootstrap\utilities\_shadows.scss", "SCSS", 0, 0, 4, 0, 0, 0, 0, 1, 2, 7
"c:\Users\xandee\Desktop\python\django\jfs\base\static\scss\bootstrap\utilities\_sizing.scss", "SCSS", 0, 0, 11, 0, 0, 0, 0, 3, 7, 21
"c:\Users\xandee\Desktop\python\django\jfs\base\static\scss\bootstrap\utilities\_spacing.scss", "SCSS", 0, 0, 64, 0, 0, 0, 0, 4, 6, 74
"c:\Users\xandee\Desktop\python\django\jfs\base\static\scss\bootstrap\utilities\_text.scss", "SCSS", 0, 0, 35, 0, 0, 0, 0, 11, 22, 68
"c:\Users\xandee\Desktop\python\django\jfs\base\static\scss\bootstrap\utilities\_visibility.scss", "SCSS", 0, 0, 6, 0, 0, 0, 0, 3, 3, 12
"c:\Users\xandee\Desktop\python\django\jfs\base\static\scss\style.scss", "SCSS", 0, 0, 1962, 0, 0, 0, 0, 44, 140, 2146
"c:\Users\xandee\Desktop\python\django\jfs\base\templates\about.html", "HTML", 0, 227, 0, 0, 0, 0, 0, 0, 5, 232
"c:\Users\xandee\Desktop\python\django\jfs\base\templates\base.html", "HTML", 0, 243, 0, 0, 0, 0, 0, 4, 11, 258
"c:\Users\xandee\Desktop\python\django\jfs\base\templates\blog.html", "HTML", 0, 28, 0, 0, 0, 0, 0, 0, 1, 29
"c:\Users\xandee\Desktop\python\django\jfs\base\templates\contact.html", "HTML", 0, 75, 0, 0, 0, 0, 0, 0, 4, 79
"c:\Users\xandee\Desktop\python\django\jfs\base\templates\fees.html", "HTML", 0, 35, 0, 0, 0, 0, 0, 3, 1, 39
"c:\Users\xandee\Desktop\python\django\jfs\base\templates\index.html", "HTML", 0, 407, 0, 0, 0, 0, 0, 0, 9, 416
"c:\Users\xandee\Desktop\python\django\jfs\base\tests.py", "Python", 1, 0, 0, 0, 0, 0, 0, 1, 2, 4
"c:\Users\xandee\Desktop\python\django\jfs\base\urls.py", "Python", 9, 0, 0, 0, 0, 0, 0, 0, 1, 10
"c:\Users\xandee\Desktop\python\django\jfs\base\views.py", "Python", 27, 0, 0, 0, 0, 0, 0, 1, 2, 30
"c:\Users\xandee\Desktop\python\django\jfs\db.sqlite3", "SQL", 0, 0, 0, 0, 0, 0, 174, 0, 4, 178
"c:\Users\xandee\Desktop\python\django\jfs\jfs\__init__.py", "Python", 0, 0, 0, 0, 0, 0, 0, 0, 1, 1
"c:\Users\xandee\Desktop\python\django\jfs\jfs\asgi.py", "Python", 4, 0, 0, 0, 0, 0, 0, 8, 5, 17
"c:\Users\xandee\Desktop\python\django\jfs\jfs\settings.py", "Python", 75, 0, 0, 0, 0, 0, 0, 27, 34, 136
"c:\Users\xandee\Desktop\python\django\jfs\jfs\urls.py", "Python", 9, 0, 0, 0, 0, 0, 0, 0, 2, 11
"c:\Users\xandee\Desktop\python\django\jfs\jfs\wsgi.py", "Python", 4, 0, 0, 0, 0, 0, 0, 8, 5, 17
"c:\Users\xandee\Desktop\python\django\jfs\manage.py", "Python", 15, 0, 0, 0, 0, 0, 0, 3, 5, 23
"c:\Users\xandee\Desktop\python\django\jfs\portal\__init__.py", "Python", 0, 0, 0, 0, 0, 0, 0, 0, 1, 1
"c:\Users\xandee\Desktop\python\django\jfs\portal\admin.py", "Python", 8, 0, 0, 0, 0, 0, 0, 1, 1, 10
"c:\Users\xandee\Desktop\python\django\jfs\portal\apps.py", "Python", 4, 0, 0, 0, 0, 0, 0, 0, 3, 7
"c:\Users\xandee\Desktop\python\django\jfs\portal\migrations\0001_initial.py", "Python", 112, 0, 0, 0, 0, 0, 0, 1, 7, 120
"c:\Users\xandee\Desktop\python\django\jfs\portal\migrations\0002_alter_classfees_class_name.py", "Python", 12, 0, 0, 0, 0, 0, 0, 1, 6, 19
"c:\Users\xandee\Desktop\python\django\jfs\portal\migrations\0003_rename_class_name_class_name_and_more.py", "Python", 17, 0, 0, 0, 0, 0, 0, 1, 6, 24
"c:\Users\xandee\Desktop\python\django\jfs\portal\migrations\0004_rename_class_name_classfees_name.py", "Python", 12, 0, 0, 0, 0, 0, 0, 1, 6, 19
"c:\Users\xandee\Desktop\python\django\jfs\portal\migrations\__init__.py", "Python", 0, 0, 0, 0, 0, 0, 0, 0, 1, 1
"c:\Users\xandee\Desktop\python\django\jfs\portal\models.py", "Python", 74, 0, 0, 0, 0, 0, 0, 0, 7, 81
"c:\Users\xandee\Desktop\python\django\jfs\portal\static\css\material-dashboard.css", "CSS", 0, 0, 0, 0, 0, 21702, 0, 145, 5442, 27289
"c:\Users\xandee\Desktop\python\django\jfs\portal\static\css\material-dashboard.min.css", "CSS", 0, 0, 0, 0, 0, 3, 0, 21, 2, 26
"c:\Users\xandee\Desktop\python\django\jfs\portal\static\css\nucleo-icons.css", "CSS", 0, 0, 0, 0, 0, 441, 0, 28, 128, 597
"c:\Users\xandee\Desktop\python\django\jfs\portal\static\css\nucleo-svg.css", "CSS", 0, 0, 0, 0, 0, 77, 0, 34, 24, 135
"c:\Users\xandee\Desktop\python\django\jfs\portal\static\fonts\nucleo-icons.svg", "XML", 0, 0, 0, 0, 312, 0, 0, 0, 1, 313
"c:\Users\xandee\Desktop\python\django\jfs\portal\static\img\down-arrow-dark.svg", "XML", 0, 0, 0, 0, 11, 0, 0, 0, 1, 12
"c:\Users\xandee\Desktop\python\django\jfs\portal\static\img\down-arrow-white.svg", "XML", 0, 0, 0, 0, 1, 0, 0, 0, 0, 1
"c:\Users\xandee\Desktop\python\django\jfs\portal\static\img\down-arrow.svg", "XML", 0, 0, 0, 0, 11, 0, 0, 0, 0, 11
"c:\Users\xandee\Desktop\python\django\jfs\portal\static\img\illustrations\pattern-tree.svg", "XML", 0, 0, 0, 0, 20, 0, 0, 0, 0, 20
"c:\Users\xandee\Desktop\python\django\jfs\portal\static\img\logos\gray-logos\logo-coinbase.svg", "XML", 0, 0, 0, 0, 16, 0, 0, 0, 0, 16
"c:\Users\xandee\Desktop\python\django\jfs\portal\static\img\logos\gray-logos\logo-nasa.svg", "XML", 0, 0, 0, 0, 9, 0, 0, 0, 0, 9
"c:\Users\xandee\Desktop\python\django\jfs\portal\static\img\logos\gray-logos\logo-netflix.svg", "XML", 0, 0, 0, 0, 9, 0, 0, 0, 0, 9
"c:\Users\xandee\Desktop\python\django\jfs\portal\static\img\logos\gray-logos\logo-pinterest.svg", "XML", 0, 0, 0, 0, 9, 0, 0, 0, 0, 9
"c:\Users\xandee\Desktop\python\django\jfs\portal\static\img\logos\gray-logos\logo-spotify.svg", "XML", 0, 0, 0, 0, 9, 0, 0, 0, 0, 9
"c:\Users\xandee\Desktop\python\django\jfs\portal\static\img\logos\gray-logos\logo-vodafone.svg", "XML", 0, 0, 0, 0, 9, 0, 0, 0, 0, 9
"c:\Users\xandee\Desktop\python\django\jfs\portal\static\img\shapes\pattern-lines.svg", "XML", 0, 0, 0, 0, 91, 0, 0, 0, 0, 91
"c:\Users\xandee\Desktop\python\django\jfs\portal\static\img\shapes\waves-white.svg", "XML", 0, 0, 0, 0, 324, 0, 0, 0, 0, 324
"c:\Users\xandee\Desktop\python\django\jfs\portal\static\img\small-logos\bootstrap.svg", "XML", 0, 0, 0, 0, 9, 0, 0, 0, 0, 9
"c:\Users\xandee\Desktop\python\django\jfs\portal\static\img\small-logos\creative-tim.svg", "XML", 0, 0, 0, 0, 7, 0, 0, 0, 0, 7
"c:\Users\xandee\Desktop\python\django\jfs\portal\static\img\small-logos\devto.svg", "XML", 0, 0, 0, 0, 9, 0, 0, 0, 0, 9
"c:\Users\xandee\Desktop\python\django\jfs\portal\static\img\small-logos\github.svg", "XML", 0, 0, 0, 0, 10, 0, 0, 0, 0, 10
"c:\Users\xandee\Desktop\python\django\jfs\portal\static\img\small-logos\google-webdev.svg", "XML", 0, 0, 0, 0, 11, 0, 0, 0, 0, 11
"c:\Users\xandee\Desktop\python\django\jfs\portal\static\img\small-logos\icon-bulb.svg", "XML", 0, 0, 0, 0, 37, 0, 0, 0, 0, 37
"c:\Users\xandee\Desktop\python\django\jfs\portal\static\img\small-logos\logo-asana.svg", "XML", 0, 0, 0, 0, 16, 0, 0, 0, 0, 16
"c:\Users\xandee\Desktop\python\django\jfs\portal\static\img\small-logos\logo-atlassian.svg", "XML", 0, 0, 0, 0, 16, 0, 0, 0, 0, 16
"c:\Users\xandee\Desktop\python\django\jfs\portal\static\img\small-logos\logo-invision.svg", "XML", 0, 0, 0, 0, 10, 0, 0, 0, 0, 10
"c:\Users\xandee\Desktop\python\django\jfs\portal\static\img\small-logos\logo-jira.svg", "XML", 0, 0, 0, 0, 21, 0, 0, 0, 0, 21
"c:\Users\xandee\Desktop\python\django\jfs\portal\static\img\small-logos\logo-slack.svg", "XML", 0, 0, 0, 0, 12, 0, 0, 0, 0, 12
"c:\Users\xandee\Desktop\python\django\jfs\portal\static\img\small-logos\logo-spotify.svg", "XML", 0, 0, 0, 0, 9, 0, 0, 0, 0, 9
"c:\Users\xandee\Desktop\python\django\jfs\portal\static\img\small-logos\logo-xd.svg", "XML", 0, 0, 0, 0, 11, 0, 0, 0, 0, 11
"c:\Users\xandee\Desktop\python\django\jfs\portal\static\js\core\bootstrap.bundle.min.js", "JavaScript", 0, 0, 0, 1, 0, 0, 0, 5, 0, 6
"c:\Users\xandee\Desktop\python\django\jfs\portal\static\js\core\bootstrap.min.js", "JavaScript", 0, 0, 0, 1, 0, 0, 0, 5, 0, 6
"c:\Users\xandee\Desktop\python\django\jfs\portal\static\js\core\popper.min.js", "JavaScript", 0, 0, 0, 1, 0, 0, 0, 3, 2, 6
"c:\Users\xandee\Desktop\python\django\jfs\portal\static\js\material-dashboard.js", "JavaScript", 0, 0, 0, 673, 0, 0, 0, 31, 105, 809
"c:\Users\xandee\Desktop\python\django\jfs\portal\static\js\material-dashboard.min.js", "JavaScript", 0, 0, 0, 1, 0, 0, 0, 1, 0, 2
"c:\Users\xandee\Desktop\python\django\jfs\portal\static\js\plugins\Chart.extension.js", "JavaScript", 0, 0, 0, 93, 0, 0, 0, 20, 17, 130
"c:\Users\xandee\Desktop\python\django\jfs\portal\static\js\plugins\bootstrap-notify.js", "JavaScript", 0, 0, 0, 360, 0, 0, 0, 31, 41, 432
"c:\Users\xandee\Desktop\python\django\jfs\portal\static\js\plugins\chartjs.min.js", "JavaScript", 0, 0, 0, 2, 0, 0, 0, 11, 1, 14
"c:\Users\xandee\Desktop\python\django\jfs\portal\static\js\plugins\perfect-scrollbar.min.js", "JavaScript", 0, 0, 0, 13, 0, 0, 0, 6, 1, 20
"c:\Users\xandee\Desktop\python\django\jfs\portal\static\js\plugins\smooth-scrollbar.min.js", "JavaScript", 0, 0, 0, 3, 0, 0, 0, 22, 1, 26
"c:\Users\xandee\Desktop\python\django\jfs\portal\static\js\plugins\world.js", "JavaScript", 0, 0, 0, 2450, 0, 0, 0, 1, 13, 2464
"c:\Users\xandee\Desktop\python\django\jfs\portal\static\scss\material-dashboard.scss", "SCSS", 0, 0, 6, 0, 0, 0, 0, 18, 7, 31
"c:\Users\xandee\Desktop\python\django\jfs\portal\static\scss\material-dashboard\_accordion.scss", "SCSS", 0, 0, 24, 0, 0, 0, 0, 0, 5, 29
"c:\Users\xandee\Desktop\python\django\jfs\portal\static\scss\material-dashboard\_alert.scss", "SCSS", 0, 0, 15, 0, 0, 0, 0, 0, 3, 18
"c:\Users\xandee\Desktop\python\django\jfs\portal\static\scss\material-dashboard\_avatars.scss", "SCSS", 0, 0, 85, 0, 0, 0, 0, 10, 29, 124
"c:\Users\xandee\Desktop\python\django\jfs\portal\static\scss\material-dashboard\_backgrounds.scss", "SCSS", 0, 0, 15, 0, 0, 0, 0, 0, 5, 20
"c:\Users\xandee\Desktop\python\django\jfs\portal\static\scss\material-dashboard\_badge.scss", "SCSS", 0, 0, 8, 0, 0, 0, 0, 0, 1, 9
"c:\Users\xandee\Desktop\python\django\jfs\portal\static\scss\material-dashboard\_breadcrumbs.scss", "SCSS", 0, 0, 33, 0, 0, 0, 0, 4, 12, 49
"c:\Users\xandee\Desktop\python\django\jfs\portal\static\scss\material-dashboard\_buttons.scss", "SCSS", 0, 0, 163, 0, 0, 0, 0, 2, 26, 191
"c:\Users\xandee\Desktop\python\django\jfs\portal\static\scss\material-dashboard\_cards-extend.scss", "SCSS", 0, 0, 4, 0, 0, 0, 0, 0, 1, 5
"c:\Users\xandee\Desktop\python\django\jfs\portal\static\scss\material-dashboard\_cards.scss", "SCSS", 0, 0, 50, 0, 0, 0, 0, 0, 11, 61
"c:\Users\xandee\Desktop\python\django\jfs\portal\static\scss\material-dashboard\_components.scss", "SCSS", 0, 0, 4, 0, 0, 0, 0, 1, 1, 6
"c:\Users\xandee\Desktop\python\django\jfs\portal\static\scss\material-dashboard\_dark-version.scss", "SCSS", 0, 0, 233, 0, 0, 0, 0, 3, 42, 278
"c:\Users\xandee\Desktop\python\django\jfs\portal\static\scss\material-dashboard\_dropdown-extend.scss", "SCSS", 0, 0, 22, 0, 0, 0, 0, 2, 8, 32
"c:\Users\xandee\Desktop\python\django\jfs\portal\static\scss\material-dashboard\_dropdown.scss", "SCSS", 0, 0, 254, 0, 0, 0, 0, 2, 37, 293
"c:\Users\xandee\Desktop\python\django\jfs\portal\static\scss\material-dashboard\_dropup.scss", "SCSS", 0, 0, 38, 0, 0, 0, 0, 0, 3, 41
"c:\Users\xandee\Desktop\python\django\jfs\portal\static\scss\material-dashboard\_fixed-plugin.scss", "SCSS", 0, 0, 57, 0, 0, 0, 0, 0, 4, 61
"c:\Users\xandee\Desktop\python\django\jfs\portal\static\scss\material-dashboard\_floating-elements.scss", "SCSS", 0, 0, 61, 0, 0, 0, 0, 1, 12, 74
"c:\Users\xandee\Desktop\python\django\jfs\portal\static\scss\material-dashboard\_footer.scss", "SCSS", 0, 0, 16, 0, 0, 0, 0, 0, 2, 18
"c:\Users\xandee\Desktop\python\django\jfs\portal\static\scss\material-dashboard\_forms.scss", "SCSS", 0, 0, 37, 0, 0, 0, 0, 0, 13, 50
"c:\Users\xandee\Desktop\python\django\jfs\portal\static\scss\material-dashboard\_gradients.scss", "SCSS", 0, 0, 15, 0, 0, 0, 0, 0, 4, 19
"c:\Users\xandee\Desktop\python\django\jfs\portal\static\scss\material-dashboard\_header.scss", "SCSS", 0, 0, 23, 0, 0, 0, 0, 0, 3, 26
"c:\Users\xandee\Desktop\python\django\jfs\portal\static\scss\material-dashboard\_icons.scss", "SCSS", 0, 0, 24, 0, 0, 0, 0, 4, 5, 33
"c:\Users\xandee\Desktop\python\django\jfs\portal\static\scss\material-dashboard\_info-areas.scss", "SCSS", 0, 0, 154, 0, 0, 0, 0, 1, 24, 179
"c:\Users\xandee\Desktop\python\django\jfs\portal\static\scss\material-dashboard\_list-check.scss", "SCSS", 0, 0, 19, 0, 0, 0, 0, 3, 4, 26
"c:\Users\xandee\Desktop\python\django\jfs\portal\static\scss\material-dashboard\_misc-extend.scss", "SCSS", 0, 0, 195, 0, 0, 0, 0, 11, 39, 245
"c:\Users\xandee\Desktop\python\django\jfs\portal\static\scss\material-dashboard\_misc.scss", "SCSS", 0, 0, 278, 0, 0, 0, 0, 17, 70, 365
"c:\Users\xandee\Desktop\python\django\jfs\portal\static\scss\material-dashboard\_nav.scss", "SCSS", 0, 0, 123, 0, 0, 0, 0, 0, 1, 124
"c:\Users\xandee\Desktop\python\django\jfs\portal\static\scss\material-dashboard\_navbar-vertical.scss", "SCSS", 0, 0, 628, 0, 0, 0, 0, 26, 72, 726
"c:\Users\xandee\Desktop\python\django\jfs\portal\static\scss\material-dashboard\_navbar.scss", "SCSS", 0, 0, 192, 0, 0, 0, 0, 0, 29, 221
"c:\Users\xandee\Desktop\python\django\jfs\portal\static\scss\material-dashboard\_pagination.scss", "SCSS", 0, 0, 52, 0, 0, 0, 0, 1, 6, 59
"c:\Users\xandee\Desktop\python\django\jfs\portal\static\scss\material-dashboard\_popovers.scss", "SCSS", 0, 0, 8, 0, 0, 0, 0, 1, 2, 11
"c:\Users\xandee\Desktop\python\django\jfs\portal\static\scss\material-dashboard\_progress.scss", "SCSS", 0, 0, 13, 0, 0, 0, 0, 0, 3, 16
"c:\Users\xandee\Desktop\python\django\jfs\portal\static\scss\material-dashboard\_ripple.scss", "SCSS", 0, 0, 11, 0, 0, 0, 0, 1, 4, 16
"c:\Users\xandee\Desktop\python\django\jfs\portal\static\scss\material-dashboard\_rtl-extend.scss", "SCSS", 0, 0, 59, 0, 0, 0, 0, 0, 5, 64
"c:\Users\xandee\Desktop\python\django\jfs\portal\static\scss\material-dashboard\_rtl.scss", "SCSS", 0, 0, 88, 0, 0, 0, 0, 1, 17, 106
"c:\Users\xandee\Desktop\python\django\jfs\portal\static\scss\material-dashboard\_social-buttons.scss", "SCSS", 0, 0, 41, 0, 0, 0, 0, 1, 1, 43
"c:\Users\xandee\Desktop\python\django\jfs\portal\static\scss\material-dashboard\_tables.scss", "SCSS", 0, 0, 44, 0, 0, 0, 0, 2, 8, 54
"c:\Users\xandee\Desktop\python\django\jfs\portal\static\scss\material-dashboard\_tilt.scss", "SCSS", 0, 0, 9, 0, 0, 0, 0, 1, 2, 12
"c:\Users\xandee\Desktop\python\django\jfs\portal\static\scss\material-dashboard\_timeline.scss", "SCSS", 0, 0, 97, 0, 0, 0, 0, 9, 32, 138
"c:\Users\xandee\Desktop\python\django\jfs\portal\static\scss\material-dashboard\_tooltips.scss", "SCSS", 0, 0, 8, 0, 0, 0, 0, 0, 2, 10
"c:\Users\xandee\Desktop\python\django\jfs\portal\static\scss\material-dashboard\_typography.scss", "SCSS", 0, 0, 244, 0, 0, 0, 0, 11, 47, 302
"c:\Users\xandee\Desktop\python\django\jfs\portal\static\scss\material-dashboard\_utilities-extend.scss", "SCSS", 0, 0, 10, 0, 0, 0, 0, 0, 2, 12
"c:\Users\xandee\Desktop\python\django\jfs\portal\static\scss\material-dashboard\_utilities.scss", "SCSS", 0, 0, 779, 0, 0, 0, 0, 52, 2, 833
"c:\Users\xandee\Desktop\python\django\jfs\portal\static\scss\material-dashboard\_variables.scss", "SCSS", 0, 0, 1213, 0, 0, 0, 0, 138, 322, 1673
"c:\Users\xandee\Desktop\python\django\jfs\portal\static\scss\material-dashboard\badges\_badge-circle.scss", "SCSS", 0, 0, 20, 0, 0, 0, 0, 4, 6, 30
"c:\Users\xandee\Desktop\python\django\jfs\portal\static\scss\material-dashboard\badges\_badge-dot.scss", "SCSS", 0, 0, 31, 0, 0, 0, 0, 4, 8, 43
"c:\Users\xandee\Desktop\python\django\jfs\portal\static\scss\material-dashboard\badges\_badge-floating.scss", "SCSS", 0, 0, 11, 0, 0, 0, 0, 3, 4, 18
"c:\Users\xandee\Desktop\python\django\jfs\portal\static\scss\material-dashboard\badges\_badge.scss", "SCSS", 0, 0, 53, 0, 0, 0, 0, 12, 29, 94
"c:\Users\xandee\Desktop\python\django\jfs\portal\static\scss\material-dashboard\bootstrap\_accordion.scss", "SCSS", 0, 0, 89, 0, 0, 0, 0, 8, 22, 119
"c:\Users\xandee\Desktop\python\django\jfs\portal\static\scss\material-dashboard\bootstrap\_alert.scss", "SCSS", 0, 0, 34, 0, 0, 0, 0, 13, 11, 58
"c:\Users\xandee\Desktop\python\django\jfs\portal\static\scss\material-dashboard\bootstrap\_badge.scss", "SCSS", 0, 0, 20, 0, 0, 0, 0, 6, 4, 30
"c:\Users\xandee\Desktop\python\django\jfs\portal\static\scss\material-dashboard\bootstrap\_breadcrumb.scss", "SCSS", 0, 0, 24, 0, 0, 0, 0, 1, 4, 29
"c:\Users\xandee\Desktop\python\django\jfs\portal\static\scss\material-dashboard\bootstrap\_button-group.scss", "SCSS", 0, 0, 90, 0, 0, 0, 0, 23, 27, 140
"c:\Users\xandee\Desktop\python\django\jfs\portal\static\scss\material-dashboard\bootstrap\_buttons.scss", "SCSS", 0, 0, 74, 0, 0, 0, 0, 16, 22, 112
"c:\Users\xandee\Desktop\python\django\jfs\portal\static\scss\material-dashboard\bootstrap\_card.scss", "SCSS", 0, 0, 154, 0, 0, 0, 0, 27, 36, 217
"c:\Users\xandee\Desktop\python\django\jfs\portal\static\scss\material-dashboard\bootstrap\_carousel.scss", "SCSS", 0, 0, 158, 0, 0, 0, 0, 41, 31, 230
"c:\Users\xandee\Desktop\python\django\jfs\portal\static\scss\material-dashboard\bootstrap\_close.scss", "SCSS", 0, 0, 30, 0, 0, 0, 0, 5, 6, 41
"c:\Users\xandee\Desktop\python\django\jfs\portal\static\scss\material-dashboard\bootstrap\_containers.scss", "SCSS", 0, 0, 27, 0, 0, 0, 0, 8, 7, 42
"c:\Users\xandee\Desktop\python\django\jfs\portal\static\scss\material-dashboard\bootstrap\_dropdown.scss", "SCSS", 0, 0, 186, 0, 0, 0, 0, 19, 36, 241
"c:\Users\xandee\Desktop\python\django\jfs\portal\static\scss\material-dashboard\bootstrap\_forms.scss", "SCSS", 0, 0, 9, 0, 0, 0, 0, 0, 1, 10
"c:\Users\xandee\Desktop\python\django\jfs\portal\static\scss\material-dashboard\bootstrap\_functions.scss", "SCSS", 0, 0, 214, 0, 0, 0, 0, 43, 46, 303
"c:\Users\xandee\Desktop\python\django\jfs\portal\static\scss\material-dashboard\bootstrap\_grid.scss", "SCSS", 0, 0, 20, 0, 0, 0, 0, 6, 8, 34
"c:\Users\xandee\Desktop\python\django\jfs\portal\static\scss\material-dashboard\bootstrap\_helpers.scss", "SCSS", 0, 0, 9, 0, 0, 0, 0, 0, 1, 10
"c:\Users\xandee\Desktop\python\django\jfs\portal\static\scss\material-dashboard\bootstrap\_images.scss", "SCSS", 0, 0, 22, 0, 0, 0, 0, 13, 8, 43
"c:\Users\xandee\Desktop\python\django\jfs\portal\static\scss\material-dashboard\bootstrap\_list-group.scss", "SCSS", 0, 0, 111, 0, 0, 0, 0, 27, 37, 175
"c:\Users\xandee\Desktop\python\django\jfs\portal\static\scss\material-dashboard\bootstrap\_mixins.scss", "SCSS", 0, 0, 26, 0, 0, 0, 0, 10, 8, 44
"c:\Users\xandee\Desktop\python\django\jfs\portal\static\scss\material-dashboard\bootstrap\_modal.scss", "SCSS", 0, 0, 146, 0, 0, 0, 0, 33, 31, 210
"c:\Users\xandee\Desktop\python\django\jfs\portal\static\scss\material-dashboard\bootstrap\_nav.scss", "SCSS", 0, 0, 96, 0, 0, 0, 0, 20, 24, 140
"c:\Users\xandee\Desktop\python\django\jfs\portal\static\scss\material-dashboard\bootstrap\_navbar.scss", "SCSS", 0, 0, 231, 0, 0, 0, 0, 47, 58, 336
"c:\Users\xandee\Desktop\python\django\jfs\portal\static\scss\material-dashboard\bootstrap\_offcanvas.scss", "SCSS", 0, 0, 73, 0, 0, 0, 0, 0, 11, 84
"c:\Users\xandee\Desktop\python\django\jfs\portal\static\scss\material-dashboard\bootstrap\_pagination.scss", "SCSS", 0, 0, 51, 0, 0, 0, 0, 3, 11, 65
"c:\Users\xandee\Desktop\python\django\jfs\portal\static\scss\material-dashboard\bootstrap\_placeholders.scss", "SCSS", 0, 0, 41, 0, 0, 0, 0, 2, 9, 52
"c:\Users\xandee\Desktop\python\django\jfs\portal\static\scss\material-dashboard\bootstrap\_popover.scss", "SCSS", 0, 0, 134, 0, 0, 0, 0, 5, 20, 159
"c:\Users\xandee\Desktop\python\django\jfs\portal\static\scss\material-dashboard\bootstrap\_progress.scss", "SCSS", 0, 0, 39, 0, 0, 0, 0, 3, 7, 49
"c:\Users\xandee\Desktop\python\django\jfs\portal\static\scss\material-dashboard\bootstrap\_reboot.scss", "SCSS", 0, 0, 336, 0, 0, 0, 0, 148, 142, 626
"c:\Users\xandee\Desktop\python\django\jfs\portal\static\scss\material-dashboard\bootstrap\_root.scss", "SCSS", 0, 0, 33, 0, 0, 0, 0, 12, 10, 55
"c:\Users\xandee\Desktop\python\django\jfs\portal\static\scss\material-dashboard\bootstrap\_spinners.scss", "SCSS", 0, 0, 49, 0, 0, 0, 0, 12, 9, 70
"c:\Users\xandee\Desktop\python\django\jfs\portal\static\scss\material-dashboard\bootstrap\_tables.scss", "SCSS", 0, 0, 82, 0, 0, 0, 0, 43, 31, 156
"c:\Users\xandee\Desktop\python\django\jfs\portal\static\scss\material-dashboard\bootstrap\_toasts.scss", "SCSS", 0, 0, 44, 0, 0, 0, 0, 0, 8, 52
"c:\Users\xandee\Desktop\python\django\jfs\portal\static\scss\material-dashboard\bootstrap\_tooltip.scss", "SCSS", 0, 0, 93, 0, 0, 0, 0, 5, 18, 116
"c:\Users\xandee\Desktop\python\django\jfs\portal\static\scss\material-dashboard\bootstrap\_transitions.scss", "SCSS", 0, 0, 21, 0, 0, 0, 0, 2, 5, 28
"c:\Users\xandee\Desktop\python\django\jfs\portal\static\scss\material-dashboard\bootstrap\_type.scss", "SCSS", 0, 0, 67, 0, 0, 0, 0, 16, 22, 105
"c:\Users\xandee\Desktop\python\django\jfs\portal\static\scss\material-dashboard\bootstrap\_utilities.scss", "SCSS", 0, 0, 584, 0, 0, 0, 0, 44, 3, 631
"c:\Users\xandee\Desktop\python\django\jfs\portal\static\scss\material-dashboard\bootstrap\_variables.scss", "SCSS", 0, 0, 1099, 0, 0, 0, 0, 246, 297, 1642
"c:\Users\xandee\Desktop\python\django\jfs\portal\static\scss\material-dashboard\bootstrap\bootstrap-grid.scss", "SCSS", 0, 0, 51, 0, 0, 0, 0, 8, 9, 68
"c:\Users\xandee\Desktop\python\django\jfs\portal\static\scss\material-dashboard\bootstrap\bootstrap-reboot.scss", "SCSS", 0, 0, 5, 0, 0, 0, 0, 7, 2, 14
"c:\Users\xandee\Desktop\python\django\jfs\portal\static\scss\material-dashboard\bootstrap\bootstrap-utilities.scss", "SCSS", 0, 0, 6, 0, 0, 0, 0, 9, 4, 19
"c:\Users\xandee\Desktop\python\django\jfs\portal\static\scss\material-dashboard\bootstrap\bootstrap.scss", "SCSS", 0, 0, 37, 0, 0, 0, 0, 12, 5, 54
"c:\Users\xandee\Desktop\python\django\jfs\portal\static\scss\material-dashboard\bootstrap\forms\_floating-labels.scss", "SCSS", 0, 0, 52, 0, 0, 0, 0, 4, 8, 64
"c:\Users\xandee\Desktop\python\django\jfs\portal\static\scss\material-dashboard\bootstrap\forms\_form-check.scss", "SCSS", 0, 0, 119, 0, 0, 0, 0, 9, 25, 153
"c:\Users\xandee\Desktop\python\django\jfs\portal\static\scss\material-dashboard\bootstrap\forms\_form-control.scss", "SCSS", 0, 0, 156, 0, 0, 0, 0, 33, 31, 220
"c:\Users\xandee\Desktop\python\django\jfs\portal\static\scss\material-dashboard\bootstrap\forms\_form-range.scss", "SCSS", 0, 0, 71, 0, 0, 0, 0, 7, 14, 92
"c:\Users\xandee\Desktop\python\django\jfs\portal\static\scss\material-dashboard\bootstrap\forms\_form-select.scss", "SCSS", 0, 0, 58, 0, 0, 0, 0, 7, 8, 73
"c:\Users\xandee\Desktop\python\django\jfs\portal\static\scss\material-dashboard\bootstrap\forms\_form-text.scss", "SCSS", 0, 0, 7, 0, 0, 0, 0, 3, 2, 12
"c:\Users\xandee\Desktop\python\django\jfs\portal\static\scss\material-dashboard\bootstrap\forms\_input-group.scss", "SCSS", 0, 0, 81, 0, 0, 0, 0, 21, 20, 122
"c:\Users\xandee\Desktop\python\django\jfs\portal\static\scss\material-dashboard\bootstrap\forms\_labels.scss", "SCSS", 0, 0, 27, 0, 0, 0, 0, 5, 5, 37
"c:\Users\xandee\Desktop\python\django\jfs\portal\static\scss\material-dashboard\bootstrap\forms\_validation.scss", "SCSS", 0, 0, 3, 0, 0, 0, 0, 8, 2, 13
"c:\Users\xandee\Desktop\python\django\jfs\portal\static\scss\material-dashboard\bootstrap\helpers\_clearfix.scss", "SCSS", 0, 0, 3, 0, 0, 0, 0, 0, 1, 4
"c:\Users\xandee\Desktop\python\django\jfs\portal\static\scss\material-dashboard\bootstrap\helpers\_colored-links.scss", "SCSS", 0, 0, 11, 0, 0, 0, 0, 0, 2, 13
"c:\Users\xandee\Desktop\python\django\jfs\portal\static\scss\material-dashboard\bootstrap\helpers\_position.scss", "SCSS", 0, 0, 24, 0, 0, 0, 0, 2, 5, 31
"c:\Users\xandee\Desktop\python\django\jfs\portal\static\scss\material-dashboard\bootstrap\helpers\_ratio.scss", "SCSS", 0, 0, 21, 0, 0, 0, 0, 1, 5, 27
"c:\Users\xandee\Desktop\python\django\jfs\portal\static\scss\material-dashboard\bootstrap\helpers\_stacks.scss", "SCSS", 0, 0, 12, 0, 0, 0, 0, 2, 2, 16
"c:\Users\xandee\Desktop\python\django\jfs\portal\static\scss\material-dashboard\bootstrap\helpers\_stretched-link.scss", "SCSS", 0, 0, 11, 0, 0, 0, 0, 3, 2, 16
"c:\Users\xandee\Desktop\python\django\jfs\portal\static\scss\material-dashboard\bootstrap\helpers\_text-truncation.scss", "SCSS", 0, 0, 3, 0, 0, 0, 0, 3, 2, 8
"c:\Users\xandee\Desktop\python\django\jfs\portal\static\scss\material-dashboard\bootstrap\helpers\_visually-hidden.scss", "SCSS", 0, 0, 4, 0, 0, 0, 0, 3, 2, 9
"c:\Users\xandee\Desktop\python\django\jfs\portal\static\scss\material-dashboard\bootstrap\helpers\_vr.scss", "SCSS", 0, 0, 8, 0, 0, 0, 0, 0, 1, 9
"c:\Users\xandee\Desktop\python\django\jfs\portal\static\scss\material-dashboard\bootstrap\mixins\_alert.scss", "SCSS", 0, 0, 8, 0, 0, 0, 0, 2, 2, 12
"c:\Users\xandee\Desktop\python\django\jfs\portal\static\scss\material-dashboard\bootstrap\mixins\_backdrop.scss", "SCSS", 0, 0, 11, 0, 0, 0, 0, 2, 2, 15
"c:\Users\xandee\Desktop\python\django\jfs\portal\static\scss\material-dashboard\bootstrap\mixins\_border-radius.scss", "SCSS", 0, 0, 63, 0, 0, 0, 0, 5, 11, 79
"c:\Users\xandee\Desktop\python\django\jfs\portal\static\scss\material-dashboard\bootstrap\mixins\_box-shadow.scss", "SCSS", 0, 0, 16, 0, 0, 0, 0, 0, 3, 19
"c:\Users\xandee\Desktop\python\django\jfs\portal\static\scss\material-dashboard\bootstrap\mixins\_breakpoints.scss", "SCSS", 0, 0, 73, 0, 0, 0, 0, 44, 11, 128
"c:\Users\xandee\Desktop\python\django\jfs\portal\static\scss\material-dashboard\bootstrap\mixins\_buttons.scss", "SCSS", 0, 0, 104, 0, 0, 0, 0, 16, 14, 134
"c:\Users\xandee\Desktop\python\django\jfs\portal\static\scss\material-dashboard\bootstrap\mixins\_caret.scss", "SCSS", 0, 0, 55, 0, 0, 0, 0, 2, 8, 65
"c:\Users\xandee\Desktop\python\django\jfs\portal\static\scss\material-dashboard\bootstrap\mixins\_clearfix.scss", "SCSS", 0, 0, 7, 0, 0, 0, 0, 2, 1, 10
"c:\Users\xandee\Desktop\python\django\jfs\portal\static\scss\material-dashboard\bootstrap\mixins\_color-scheme.scss", "SCSS", 0, 0, 5, 0, 0, 0, 0, 2, 1, 8
"c:\Users\xandee\Desktop\python\django\jfs\portal\static\scss\material-dashboard\bootstrap\mixins\_container.scss", "SCSS", 0, 0, 7, 0, 0, 0, 0, 1, 2, 10
"c:\Users\xandee\Desktop\python\django\jfs\portal\static\scss\material-dashboard\bootstrap\mixins\_deprecate.scss", "SCSS", 0, 0, 5, 0, 0, 0, 0, 5, 1, 11
"c:\Users\xandee\Desktop\python\django\jfs\portal\static\scss\material-dashboard\bootstrap\mixins\_forms.scss", "SCSS", 0, 0, 123, 0, 0, 0, 0, 5, 17, 145
"c:\Users\xandee\Desktop\python\django\jfs\portal\static\scss\material-dashboard\bootstrap\mixins\_gradients.scss", "SCSS", 0, 0, 27, 0, 0, 0, 0, 11, 10, 48
"c:\Users\xandee\Desktop\python\django\jfs\portal\static\scss\material-dashboard\bootstrap\mixins\_grid.scss", "SCSS", 0, 0, 107, 0, 0, 0, 0, 24, 21, 152
"c:\Users\xandee\Desktop\python\django\jfs\portal\static\scss\material-dashboard\bootstrap\mixins\_image.scss", "SCSS", 0, 0, 4, 0, 0, 0, 0, 9, 4, 17
"c:\Users\xandee\Desktop\python\django\jfs\portal\static\scss\material-dashboard\bootstrap\mixins\_list-group.scss", "SCSS", 0, 0, 18, 0, 0, 0, 0, 3, 4, 25
"c:\Users\xandee\Desktop\python\django\jfs\portal\static\scss\material-dashboard\bootstrap\mixins\_lists.scss", "SCSS", 0, 0, 4, 0, 0, 0, 0, 2, 2, 8
"c:\Users\xandee\Desktop\python\django\jfs\portal\static\scss\material-dashboard\bootstrap\mixins\_pagination.scss", "SCSS", 0, 0, 24, 0, 0, 0, 0, 4, 4, 32
"c:\Users\xandee\Desktop\python\django\jfs\portal\static\scss\material-dashboard\bootstrap\mixins\_reset-text.scss", "SCSS", 0, 0, 16, 0, 0, 0, 0, 1, 1, 18
"c:\Users\xandee\Desktop\python\django\jfs\portal\static\scss\material-dashboard\bootstrap\mixins\_resize.scss", "SCSS", 0, 0, 4, 0, 0, 0, 0, 1, 2, 7
"c:\Users\xandee\Desktop\python\django\jfs\portal\static\scss\material-dashboard\bootstrap\mixins\_table-variants.scss", "SCSS", 0, 0, 17, 0, 0, 0, 0, 2, 3, 22
"c:\Users\xandee\Desktop\python\django\jfs\portal\static\scss\material-dashboard\bootstrap\mixins\_text-truncate.scss", "SCSS", 0, 0, 5, 0, 0, 0, 0, 2, 2, 9
"c:\Users\xandee\Desktop\python\django\jfs\portal\static\scss\material-dashboard\bootstrap\mixins\_transition.scss", "SCSS", 0, 0, 22, 0, 0, 0, 0, 1, 4, 27
"c:\Users\xandee\Desktop\python\django\jfs\portal\static\scss\material-dashboard\bootstrap\mixins\_utilities.scss", "SCSS", 0, 0, 63, 0, 0, 0, 0, 11, 16, 90
"c:\Users\xandee\Desktop\python\django\jfs\portal\static\scss\material-dashboard\bootstrap\mixins\_visually-hidden.scss", "SCSS", 0, 0, 16, 0, 0, 0, 0, 9, 5, 30
"c:\Users\xandee\Desktop\python\django\jfs\portal\static\scss\material-dashboard\bootstrap\utilities\_api.scss", "SCSS", 0, 0, 29, 0, 0, 0, 0, 12, 7, 48
"c:\Users\xandee\Desktop\python\django\jfs\portal\static\scss\material-dashboard\bootstrap\vendor\_rfs.scss", "SCSS", 0, 0, 243, 0, 0, 0, 0, 52, 60, 355
"c:\Users\xandee\Desktop\python\django\jfs\portal\static\scss\material-dashboard\cards\card-background.scss", "SCSS", 0, 0, 72, 0, 0, 0, 0, 0, 10, 82
"c:\Users\xandee\Desktop\python\django\jfs\portal\static\scss\material-dashboard\cards\card-blog.scss", "SCSS", 0, 0, 15, 0, 0, 0, 0, 0, 3, 18
"c:\Users\xandee\Desktop\python\django\jfs\portal\static\scss\material-dashboard\cards\card-horizontal.scss", "SCSS", 0, 0, 20, 0, 0, 0, 0, 0, 5, 25
"c:\Users\xandee\Desktop\python\django\jfs\portal\static\scss\material-dashboard\cards\card-pricing.scss", "SCSS", 0, 0, 45, 0, 0, 0, 0, 0, 4, 49
"c:\Users\xandee\Desktop\python\django\jfs\portal\static\scss\material-dashboard\cards\card-profile.scss", "SCSS", 0, 0, 54, 0, 0, 0, 0, 0, 6, 60
"c:\Users\xandee\Desktop\python\django\jfs\portal\static\scss\material-dashboard\cards\card-rotate.scss", "SCSS", 0, 0, 128, 0, 0, 0, 0, 1, 20, 149
"c:\Users\xandee\Desktop\python\django\jfs\portal\static\scss\material-dashboard\custom\_styles.scss", "SCSS", 0, 0, 0, 0, 0, 0, 0, 0, 1, 1
"c:\Users\xandee\Desktop\python\django\jfs\portal\static\scss\material-dashboard\custom\_variables.scss", "SCSS", 0, 0, 0, 0, 0, 0, 0, 0, 1, 1
"c:\Users\xandee\Desktop\python\django\jfs\portal\static\scss\material-dashboard\forms\_form-check.scss", "SCSS", 0, 0, 79, 0, 0, 0, 0, 0, 13, 92
"c:\Users\xandee\Desktop\python\django\jfs\portal\static\scss\material-dashboard\forms\_form-select.scss", "SCSS", 0, 0, 3, 0, 0, 0, 0, 0, 1, 4
"c:\Users\xandee\Desktop\python\django\jfs\portal\static\scss\material-dashboard\forms\_form-switch.scss", "SCSS", 0, 0, 40, 0, 0, 0, 0, 0, 4, 44
"c:\Users\xandee\Desktop\python\django\jfs\portal\static\scss\material-dashboard\forms\_forms.scss", "SCSS", 0, 0, 6, 0, 0, 0, 0, 0, 1, 7
"c:\Users\xandee\Desktop\python\django\jfs\portal\static\scss\material-dashboard\forms\_input-group.scss", "SCSS", 0, 0, 275, 0, 0, 0, 0, 0, 38, 313
"c:\Users\xandee\Desktop\python\django\jfs\portal\static\scss\material-dashboard\forms\_inputs.scss", "SCSS", 0, 0, 39, 0, 0, 0, 0, 0, 9, 48
"c:\Users\xandee\Desktop\python\django\jfs\portal\static\scss\material-dashboard\forms\_labels.scss", "SCSS", 0, 0, 16, 0, 0, 0, 0, 3, 3, 22
"c:\Users\xandee\Desktop\python\django\jfs\portal\static\scss\material-dashboard\mixins\_badge.scss", "SCSS", 0, 0, 11, 0, 0, 0, 0, 0, 2, 13
"c:\Users\xandee\Desktop\python\django\jfs\portal\static\scss\material-dashboard\mixins\_buttons.scss", "SCSS", 0, 0, 10, 0, 0, 0, 0, 1, 2, 13
"c:\Users\xandee\Desktop\python\django\jfs\portal\static\scss\material-dashboard\mixins\_colored-shadows.scss", "SCSS", 0, 0, 4, 0, 0, 0, 0, 1, 1, 6
"c:\Users\xandee\Desktop\python\django\jfs\portal\static\scss\material-dashboard\mixins\_hover.scss", "SCSS", 0, 0, 23, 0, 0, 0, 0, 0, 5, 28
"c:\Users\xandee\Desktop\python\django\jfs\portal\static\scss\material-dashboard\mixins\_social-buttons.scss", "SCSS", 0, 0, 39, 0, 0, 0, 0, 1, 7, 47
"c:\Users\xandee\Desktop\python\django\jfs\portal\static\scss\material-dashboard\mixins\_vendor.scss", "SCSS", 0, 0, 49, 0, 0, 0, 0, 0, 3, 52
"c:\Users\xandee\Desktop\python\django\jfs\portal\static\scss\material-dashboard\mixins\mixins.scss", "SCSS", 0, 0, 6, 0, 0, 0, 0, 0, 1, 7
"c:\Users\xandee\Desktop\python\django\jfs\portal\static\scss\material-dashboard\plugins\free\_flatpickr.scss", "SCSS", 0, 0, 834, 0, 0, 0, 0, 26, 19, 879
"c:\Users\xandee\Desktop\python\django\jfs\portal\static\scss\material-dashboard\plugins\free\_nouislider.scss", "SCSS", 0, 0, 259, 0, 0, 0, 0, 36, 4, 299
"c:\Users\xandee\Desktop\python\django\jfs\portal\static\scss\material-dashboard\plugins\free\_perfect-scrollbar.scss", "SCSS", 0, 0, 87, 0, 0, 0, 0, 18, 12, 117
"c:\Users\xandee\Desktop\python\django\jfs\portal\static\scss\material-dashboard\plugins\free\_prism.scss", "SCSS", 0, 0, 112, 0, 0, 0, 0, 10, 21, 143
"c:\Users\xandee\Desktop\python\django\jfs\portal\static\scss\material-dashboard\plugins\free\plugins.scss", "SCSS", 0, 0, 4, 0, 0, 0, 0, 0, 1, 5
"c:\Users\xandee\Desktop\python\django\jfs\portal\static\scss\material-dashboard\plugins\pro\_carousel-slick.scss", "SCSS", 0, 0, 96, 0, 0, 0, 0, 0, 7, 103
"c:\Users\xandee\Desktop\python\django\jfs\portal\static\scss\material-dashboard\plugins\pro\_choices.scss", "SCSS", 0, 0, 377, 0, 0, 0, 0, 9, 70, 456
"c:\Users\xandee\Desktop\python\django\jfs\portal\static\scss\material-dashboard\plugins\pro\_datatable-extend.scss", "SCSS", 0, 0, 117, 0, 0, 0, 0, 5, 5, 127
"c:\Users\xandee\Desktop\python\django\jfs\portal\static\scss\material-dashboard\plugins\pro\_datatable.scss", "SCSS", 0, 0, 143, 0, 0, 0, 0, 6, 31, 180
"c:\Users\xandee\Desktop\python\django\jfs\portal\static\scss\material-dashboard\plugins\pro\_dragula.scss", "SCSS", 0, 0, 22, 0, 0, 0, 0, 0, 1, 23
"c:\Users\xandee\Desktop\python\django\jfs\portal\static\scss\material-dashboard\plugins\pro\_dropzone.scss", "SCSS", 0, 0, 390, 0, 0, 0, 0, 5, 2, 397
"c:\Users\xandee\Desktop\python\django\jfs\portal\static\scss\material-dashboard\plugins\pro\_fullcalendar-extend.scss", "SCSS", 0, 0, 75, 0, 0, 0, 0, 6, 16, 97
"c:\Users\xandee\Desktop\python\django\jfs\portal\static\scss\material-dashboard\plugins\pro\_fullcalendar.scss", "SCSS", 0, 0, 1199, 0, 0, 0, 0, 103, 133, 1435
"c:\Users\xandee\Desktop\python\django\jfs\portal\static\scss\material-dashboard\plugins\pro\_glidejs.scss", "SCSS", 0, 0, 147, 0, 0, 0, 0, 5, 28, 180
"c:\Users\xandee\Desktop\python\django\jfs\portal\static\scss\material-dashboard\plugins\pro\_highlight.scss", "SCSS", 0, 0, 66, 0, 0, 0, 0, 5, 13, 84
"c:\Users\xandee\Desktop\python\django\jfs\portal\static\scss\material-dashboard\plugins\pro\_kanban.scss", "SCSS", 0, 0, 132, 0, 0, 0, 0, 1, 26, 159
"c:\Users\xandee\Desktop\python\django\jfs\portal\static\scss\material-dashboard\plugins\pro\_leaflet.scss", "SCSS", 0, 0, 574, 0, 0, 0, 0, 25, 58, 657
"c:\Users\xandee\Desktop\python\django\jfs\portal\static\scss\material-dashboard\plugins\pro\_list-check.scss", "SCSS", 0, 0, 13, 0, 0, 0, 0, 1, 4, 18
"c:\Users\xandee\Desktop\python\django\jfs\portal\static\scss\material-dashboard\plugins\pro\_photoswipe.scss", "SCSS", 0, 0, 131, 0, 0, 0, 0, 31, 21, 183
"c:\Users\xandee\Desktop\python\django\jfs\portal\static\scss\material-dashboard\plugins\pro\_quill.scss", "SCSS", 0, 0, 943, 0, 0, 0, 0, 6, 1, 950
"c:\Users\xandee\Desktop\python\django\jfs\portal\static\scss\material-dashboard\plugins\pro\_rating-widget.scss", "SCSS", 0, 0, 27, 0, 0, 0, 0, 2, 8, 37
"c:\Users\xandee\Desktop\python\django\jfs\portal\static\scss\material-dashboard\plugins\pro\_sweetalert2-extend.scss", "SCSS", 0, 0, 59, 0, 0, 0, 0, 0, 12, 71
"c:\Users\xandee\Desktop\python\django\jfs\portal\static\scss\material-dashboard\plugins\pro\_sweetalert2.scss", "SCSS", 0, 0, 1290, 0, 0, 0, 0, 0, 33, 1323
"c:\Users\xandee\Desktop\python\django\jfs\portal\static\scss\material-dashboard\plugins\pro\_vector-map.scss", "SCSS", 0, 0, 112, 0, 0, 0, 0, 0, 20, 132
"c:\Users\xandee\Desktop\python\django\jfs\portal\static\scss\material-dashboard\plugins\pro\multi-step.scss", "SCSS", 0, 0, 164, 0, 0, 0, 0, 1, 24, 189
"c:\Users\xandee\Desktop\python\django\jfs\portal\static\scss\material-dashboard\plugins\pro\plugins-extend.scss", "SCSS", 0, 0, 21, 0, 0, 0, 0, 0, 2, 23
"c:\Users\xandee\Desktop\python\django\jfs\portal\static\scss\material-dashboard\theme-pro.scss", "SCSS", 0, 0, 12, 0, 0, 0, 0, 20, 6, 38
"c:\Users\xandee\Desktop\python\django\jfs\portal\static\scss\material-dashboard\theme.scss", "SCSS", 0, 0, 36, 0, 0, 0, 0, 22, 6, 64
"c:\Users\xandee\Desktop\python\django\jfs\portal\static\scss\material-dashboard\variables\_animations.scss", "SCSS", 0, 0, 35, 0, 0, 0, 0, 2, 9, 46
"c:\Users\xandee\Desktop\python\django\jfs\portal\static\scss\material-dashboard\variables\_avatars.scss", "SCSS", 0, 0, 18, 0, 0, 0, 0, 2, 9, 29
"c:\Users\xandee\Desktop\python\django\jfs\portal\static\scss\material-dashboard\variables\_badge.scss", "SCSS", 0, 0, 28, 0, 0, 0, 0, 4, 9, 41
"c:\Users\xandee\Desktop\python\django\jfs\portal\static\scss\material-dashboard\variables\_breadcrumb.scss", "SCSS", 0, 0, 5, 0, 0, 0, 0, 0, 1, 6
"c:\Users\xandee\Desktop\python\django\jfs\portal\static\scss\material-dashboard\variables\_cards-extend.scss", "SCSS", 0, 0, 25, 0, 0, 0, 0, 2, 2, 29
"c:\Users\xandee\Desktop\python\django\jfs\portal\static\scss\material-dashboard\variables\_cards.scss", "SCSS", 0, 0, 52, 0, 0, 0, 0, 1, 13, 66
"c:\Users\xandee\Desktop\python\django\jfs\portal\static\scss\material-dashboard\variables\_choices.scss", "SCSS", 0, 0, 8, 0, 0, 0, 0, 0, 1, 9
"c:\Users\xandee\Desktop\python\django\jfs\portal\static\scss\material-dashboard\variables\_dark-version.scss", "SCSS", 0, 0, 9, 0, 0, 0, 0, 0, 1, 10
"c:\Users\xandee\Desktop\python\django\jfs\portal\static\scss\material-dashboard\variables\_dropdowns.scss", "SCSS", 0, 0, 39, 0, 0, 0, 0, 1, 14, 54
"c:\Users\xandee\Desktop\python\django\jfs\portal\static\scss\material-dashboard\variables\_fixed-plugin.scss", "SCSS", 0, 0, 7, 0, 0, 0, 0, 0, 1, 8
"c:\Users\xandee\Desktop\python\django\jfs\portal\static\scss\material-dashboard\variables\_form-switch.scss", "SCSS", 0, 0, 3, 0, 0, 0, 0, 0, 1, 4
"c:\Users\xandee\Desktop\python\django\jfs\portal\static\scss\material-dashboard\variables\_full-calendar.scss", "SCSS", 0, 0, 4, 0, 0, 0, 0, 0, 3, 7
"c:\Users\xandee\Desktop\python\django\jfs\portal\static\scss\material-dashboard\variables\_header.scss", "SCSS", 0, 0, 21, 0, 0, 0, 0, 0, 4, 25
"c:\Users\xandee\Desktop\python\django\jfs\portal\static\scss\material-dashboard\variables\_info-areas.scss", "SCSS", 0, 0, 28, 0, 0, 0, 0, 0, 5, 33
"c:\Users\xandee\Desktop\python\django\jfs\portal\static\scss\material-dashboard\variables\_misc-extend.scss", "SCSS", 0, 0, 31, 0, 0, 0, 0, 5, 13, 49
"c:\Users\xandee\Desktop\python\django\jfs\portal\static\scss\material-dashboard\variables\_misc.scss", "SCSS", 0, 0, 32, 0, 0, 0, 0, 10, 18, 60
"c:\Users\xandee\Desktop\python\django\jfs\portal\static\scss\material-dashboard\variables\_navbar-vertical.scss", "SCSS", 0, 0, 56, 0, 0, 0, 0, 4, 6, 66
"c:\Users\xandee\Desktop\python\django\jfs\portal\static\scss\material-dashboard\variables\_navbar.scss", "SCSS", 0, 0, 14, 0, 0, 0, 0, 1, 3, 18
"c:\Users\xandee\Desktop\python\django\jfs\portal\static\scss\material-dashboard\variables\_pagination.scss", "SCSS", 0, 0, 14, 0, 0, 0, 0, 1, 5, 20
"c:\Users\xandee\Desktop\python\django\jfs\portal\static\scss\material-dashboard\variables\_ripple.scss", "SCSS", 0, 0, 26, 0, 0, 0, 0, 1, 6, 33
"c:\Users\xandee\Desktop\python\django\jfs\portal\static\scss\material-dashboard\variables\_rtl.scss", "SCSS", 0, 0, 1, 0, 0, 0, 0, 0, 1, 2
"c:\Users\xandee\Desktop\python\django\jfs\portal\static\scss\material-dashboard\variables\_social-buttons.scss", "SCSS", 0, 0, 26, 0, 0, 0, 0, 1, 2, 29
"c:\Users\xandee\Desktop\python\django\jfs\portal\static\scss\material-dashboard\variables\_table.scss", "SCSS", 0, 0, 16, 0, 0, 0, 0, 0, 4, 20
"c:\Users\xandee\Desktop\python\django\jfs\portal\static\scss\material-dashboard\variables\_timeline.scss", "SCSS", 0, 0, 15, 0, 0, 0, 0, 1, 5, 21
"c:\Users\xandee\Desktop\python\django\jfs\portal\static\scss\material-dashboard\variables\_utilities-extend.scss", "SCSS", 0, 0, 21, 0, 0, 0, 0, 6, 6, 33
"c:\Users\xandee\Desktop\python\django\jfs\portal\static\scss\material-dashboard\variables\_utilities.scss", "SCSS", 0, 0, 159, 0, 0, 0, 0, 14, 19, 192
"c:\Users\xandee\Desktop\python\django\jfs\portal\static\scss\material-dashboard\variables\_virtual-reality.scss", "SCSS", 0, 0, 5, 0, 0, 0, 0, 0, 1, 6
"c:\Users\xandee\Desktop\python\django\jfs\portal\templates\404.html", "HTML", 0, 22, 0, 0, 0, 0, 0, 0, 0, 22
"c:\Users\xandee\Desktop\python\django\jfs\portal\templates\bases\base-admin.html", "HTML", 0, 59, 0, 0, 0, 0, 0, 0, 0, 59
"c:\Users\xandee\Desktop\python\django\jfs\portal\templates\bases\base-staff.html", "HTML", 0, 51, 0, 0, 0, 0, 0, 0, 0, 51
"c:\Users\xandee\Desktop\python\django\jfs\portal\templates\bases\base-student.html", "HTML", 0, 33, 0, 0, 0, 0, 0, 0, 0, 33
"c:\Users\xandee\Desktop\python\django\jfs\portal\templates\bases\base.html", "HTML", 0, 400, 0, 0, 0, 0, 0, 13, 12, 425
"c:\Users\xandee\Desktop\python\django\jfs\portal\templates\change-password.html", "HTML", 0, 484, 0, 0, 0, 0, 0, 0, 9, 493
"c:\Users\xandee\Desktop\python\django\jfs\portal\templates\dashboard.html", "HTML", 0, 456, 0, 0, 0, 0, 0, 0, 0, 456
"c:\Users\xandee\Desktop\python\django\jfs\portal\templates\login.html", "HTML", 0, 120, 0, 0, 0, 0, 0, 10, 3, 133
"c:\Users\xandee\Desktop\python\django\jfs\portal\templates\messages.html", "HTML", 0, 17, 0, 0, 0, 0, 0, 0, 1, 18
"c:\Users\xandee\Desktop\python\django\jfs\portal\templates\profile.html", "HTML", 0, 163, 0, 0, 0, 0, 0, 3, 3, 169
"c:\Users\xandee\Desktop\python\django\jfs\portal\tests.py", "Python", 1, 0, 0, 0, 0, 0, 0, 1, 2, 4
"c:\Users\xandee\Desktop\python\django\jfs\portal\urls.py", "Python", 9, 0, 0, 0, 0, 0, 0, 0, 1, 10
"c:\Users\xandee\Desktop\python\django\jfs\portal\views.py", "Python", 41, 0, 0, 0, 0, 0, 0, 1, 8, 50
"Total", "-", 874, 5397, 28848, 11042, 5359, 44102, 174, 5639, 15272, 116707